Workbook

Sheet Rohdaten
A1: Lead_ID | B1: Lead_Quelle | C1: Region | D1: Kontakt_Datum | E1: Status | F1: Umsatzpotenzial | G1: Branche | H1: Mitarbeiterzahl | I1: Conversion | J1: Sales_Rep
A2: L001 | B2: LinkedIn | C2: Köln | D2: 46254 | E2: Verloren | F2: 27459 | G2: IT | H2: 565 | I2: Nein | J2: Mia Hoffmann
A3: L002 | B3: Google Ads | C3: Hamburg | D3: 46098 | E3: Gewonnen | F3: 21953 | G3: IT | H3: 933 | I3: Ja | J3: Anna Keller
A4: L003 | B4: Messe | C4: Frankfurt | D4: 46108 | E4: Verloren | F4: 49875 | G4: Retail | H4: 423 | I4: Nein | J4: Anna Keller
A5: L004 | B5: Messe | C5: Frankfurt | D5: 46169 | E5: Verloren | F5: 38709 | G5: Consulting | H5: 954 | I5: Nein | J5: David Braun
A6: L005 | B6: LinkedIn | C6: München | D6: 46177 | E6: Verloren | F6: 13068 | G6: IT | H6: 437 | I6: Nein | J6: Mia Hoffmann
A7: L006 | B7: Empfehlung | C7: Köln | D7: 46237 | E7: Offen | F7: 44137 | G7: Manifacturing | H7: 954 | I7: Nein | J7: David Braun
A8: L007 | B8: Website | C8: Berlin | D8: 46178 | E8: Verloren | F8: 43019 | G8: Finance | H8: 624 | I8: Nein | J8: Jonas Weber
A9: L008 | B9: Google Ads | C9: Hamburg | D9: 46187 | E9: Verloren | F9: 33592 | G9: IT | H9: 372 | I9: Nein | J9: Mia Hoffmann
A10: L009 | B10: Messe | C10: Bonn | D10: 46198 | E10: Gewonnen | F10: 41422 | G10: Manifacturing | H10: 139 | I10: Ja | J10: Mia Hoffmann
A11: L010 | B11: Google Ads | C11: Berlin | D11: 46244 | E11: Gewonnen | F11: 16995 | G11: IT | H11: 537 | I11: Ja | J11: David Braun
A12: L011 | B12: Messe | C12: Aachen | D12: 46252 | E12: Offen | F12: 5671 | G12: Retail | H12: 626 | I12: Nein | J12: David Braun
A13: L012 | B13: Google Ads | C13: München | D13: 46213 | E13: Offen | F13: 45602 | G13: Retail | H13: 976 | I13: Nein | J13: Jonas Weber
... A201: L200 | B201: Google Ads | C201: Frankfurt | D201: 46139 | E201: Offen | F201: 1489 | G201: Manifacturing | H201: 832 | I201: Nein | J201: David Braun

Sheet Bereinigte Daten
A1: Lead_ID | B1: Lead_Quelle | C1: Region | D1: Kontakt_Datum | E1: Status | F1: Umsatzpotenzial | G1: Branche | H1: Mitarbeiterzahl | I1: Conversion | J1: Sales_Rep | L1: PL_Status_Conversion | M1: PL_Mitarbeiterzahl | N1: PL_Umsatzpotenzial
A2: L001 | B2: LinkedIn | C2: Köln | D2: 46254 | E2: Verloren | F2: 27459 | G2: IT | H2: 565 | I2: Nein | J2: Mia Hoffmann | L2: =IF(OR(AND(Tabelle2[[#This Row],[Status]]="Gewonnen",Tabelle2[[#This Row],[Conversion]]="Ja"),AND(Tabelle2[[#This Row],[Status]]="Verloren",Tabelle2[[#This Row],[Conversion]]="Nein"),AND(Tabelle2[[#This Row],[Status]]="Offen",Tabelle2[[#This Row],[Conversion]]="Nein")),"OK", "Fehler") -> OK | M2: =IF(AND(Tabelle2[[#This Row],[Mitarbeiterzahl]]>=10,H2<=1000),"OK","Fehler") -> OK | N2: =IF(AND(Tabelle2[[#This Row],[Umsatzpotenzial]]>=1000,Tabelle2[[#This Row],[Umsatzpotenzial]]<=50000), "OK","Fehler") -> OK
A3: L002 | B3: Google Ads | C3: Hamburg | D3: 46098 | E3: Gewonnen | F3: 21953 | G3: IT | H3: 933 | I3: Ja | J3: Anna Keller | L3: =IF(OR(AND(Tabelle2[[#This Row],[Status]]="Gewonnen",Tabelle2[[#This Row],[Conversion]]="Ja"),AND(Tabelle2[[#This Row],[Status]]="Verloren",Tabelle2[[#This Row],[Conversion]]="Nein"),AND(Tabelle2[[#This Row],[Status]]="Offen",Tabelle2[[#This Row],[Conversion]]="Nein")),"OK", "Fehler") -> OK | M3: =IF(AND(Tabelle2[[#This Row],[Mitarbeiterzahl]]>=10,H3<=1000),"OK","Fehler") -> OK | N3: =IF(AND(Tabelle2[[#This Row],[Umsatzpotenzial]]>=1000,Tabelle2[[#This Row],[Umsatzpotenzial]]<=50000), "OK","Fehler") -> OK
A4: L003 | B4: Messe | C4: Frankfurt | D4: 46108 | E4: Verloren | F4: 49875 | G4: Retail | H4: 423 | I4: Nein | J4: Anna Keller | L4: =IF(OR(AND(Tabelle2[[#This Row],[Status]]="Gewonnen",Tabelle2[[#This Row],[Conversion]]="Ja"),AND(Tabelle2[[#This Row],[Status]]="Verloren",Tabelle2[[#This Row],[Conversion]]="Nein"),AND(Tabelle2[[#This Row],[Status]]="Offen",Tabelle2[[#This Row],[Conversion]]="Nein")),"OK", "Fehler") -> OK | M4: =IF(AND(Tabelle2[[#This Row],[Mitarbeiterzahl]]>=10,H4<=1000),"OK","Fehler") -> OK | N4: =IF(AND(Tabelle2[[#This Row],[Umsatzpotenzial]]>=1000,Tabelle2[[#This Row],[Umsatzpotenzial]]<=50000), "OK","Fehler") -> OK
A5: L004 | B5: Messe | C5: Frankfurt | D5: 46169 | E5: Verloren | F5: 38709 | G5: Consulting | H5: 954 | I5: Nein | J5: David Braun | L5: =IF(OR(AND(Tabelle2[[#This Row],[Status]]="Gewonnen",Tabelle2[[#This Row],[Conversion]]="Ja"),AND(Tabelle2[[#This Row],[Status]]="Verloren",Tabelle2[[#This Row],[Conversion]]="Nein"),AND(Tabelle2[[#This Row],[Status]]="Offen",Tabelle2[[#This Row],[Conversion]]="Nein")),"OK", "Fehler") -> OK | M5: =IF(AND(Tabelle2[[#This Row],[Mitarbeiterzahl]]>=10,H5<=1000),"OK","Fehler") -> OK | N5: =IF(AND(Tabelle2[[#This Row],[Umsatzpotenzial]]>=1000,Tabelle2[[#This Row],[Umsatzpotenzial]]<=50000), "OK","Fehler") -> OK
A6: L005 | B6: LinkedIn | C6: München | D6: 46177 | E6: Verloren | F6: 13068 | G6: IT | H6: 437 | I6: Nein | J6: Mia Hoffmann | L6: =IF(OR(AND(Tabelle2[[#This Row],[Status]]="Gewonnen",Tabelle2[[#This Row],[Conversion]]="Ja"),AND(Tabelle2[[#This Row],[Status]]="Verloren",Tabelle2[[#This Row],[Conversion]]="Nein"),AND(Tabelle2[[#This Row],[Status]]="Offen",Tabelle2[[#This Row],[Conversion]]="Nein")),"OK", "Fehler") -> OK | M6: =IF(AND(Tabelle2[[#This Row],[Mitarbeiterzahl]]>=10,H6<=1000),"OK","Fehler") -> OK | N6: =IF(AND(Tabelle2[[#This Row],[Umsatzpotenzial]]>=1000,Tabelle2[[#This Row],[Umsatzpotenzial]]<=50000), "OK","Fehler") -> OK
A7: L006 | B7: Empfehlung | C7: Köln | D7: 46237 | E7: Offen | F7: 44137 | G7: Manufacturing | H7: 954 | I7: Nein | J7: David Braun | L7: =IF(OR(AND(Tabelle2[[#This Row],[Status]]="Gewonnen",Tabelle2[[#This Row],[Conversion]]="Ja"),AND(Tabelle2[[#This Row],[Status]]="Verloren",Tabelle2[[#This Row],[Conversion]]="Nein"),AND(Tabelle2[[#This Row],[Status]]="Offen",Tabelle2[[#This Row],[Conversion]]="Nein")),"OK", "Fehler") -> OK | M7: =IF(AND(Tabelle2[[#This Row],[Mitarbeiterzahl]]>=10,H7<=1000),"OK","Fehler") -> OK | N7: =IF(AND(Tabelle2[[#This Row],[Umsatzpotenzial]]>=1000,Tabelle2[[#This Row],[Umsatzpotenzial]]<=50000), "OK","Fehler") -> OK
A8: L007 | B8: Website | C8: Berlin | D8: 46178 | E8: Verloren | F8: 43019 | G8: Finance | H8: 624 | I8: Nein | J8: Jonas Weber | L8: =IF(OR(AND(Tabelle2[[#This Row],[Status]]="Gewonnen",Tabelle2[[#This Row],[Conversion]]="Ja"),AND(Tabelle2[[#This Row],[Status]]="Verloren",Tabelle2[[#This Row],[Conversion]]="Nein"),AND(Tabelle2[[#This Row],[Status]]="Offen",Tabelle2[[#This Row],[Conversion]]="Nein")),"OK", "Fehler") -> OK | M8: =IF(AND(Tabelle2[[#This Row],[Mitarbeiterzahl]]>=10,H8<=1000),"OK","Fehler") -> OK | N8: =IF(AND(Tabelle2[[#This Row],[Umsatzpotenzial]]>=1000,Tabelle2[[#This Row],[Umsatzpotenzial]]<=50000), "OK","Fehler") -> OK
A9: L008 | B9: Google Ads | C9: Hamburg | D9: 46187 | E9: Verloren | F9: 33592 | G9: IT | H9: 372 | I9: Nein | J9: Mia Hoffmann | L9: =IF(OR(AND(Tabelle2[[#This Row],[Status]]="Gewonnen",Tabelle2[[#This Row],[Conversion]]="Ja"),AND(Tabelle2[[#This Row],[Status]]="Verloren",Tabelle2[[#This Row],[Conversion]]="Nein"),AND(Tabelle2[[#This Row],[Status]]="Offen",Tabelle2[[#This Row],[Conversion]]="Nein")),"OK", "Fehler") -> OK | M9: =IF(AND(Tabelle2[[#This Row],[Mitarbeiterzahl]]>=10,H9<=1000),"OK","Fehler") -> OK | N9: =IF(AND(Tabelle2[[#This Row],[Umsatzpotenzial]]>=1000,Tabelle2[[#This Row],[Umsatzpotenzial]]<=50000), "OK","Fehler") -> OK
A10: L009 | B10: Messe | C10: Bonn | D10: 46198 | E10: Gewonnen | F10: 41422 | G10: Manufacturing | H10: 139 | I10: Ja | J10: Mia Hoffmann | L10: =IF(OR(AND(Tabelle2[[#This Row],[Status]]="Gewonnen",Tabelle2[[#This Row],[Conversion]]="Ja"),AND(Tabelle2[[#This Row],[Status]]="Verloren",Tabelle2[[#This Row],[Conversion]]="Nein"),AND(Tabelle2[[#This Row],[Status]]="Offen",Tabelle2[[#This Row],[Conversion]]="Nein")),"OK", "Fehler") -> OK | M10: =IF(AND(Tabelle2[[#This Row],[Mitarbeiterzahl]]>=10,H10<=1000),"OK","Fehler") -> OK | N10: =IF(AND(Tabelle2[[#This Row],[Umsatzpotenzial]]>=1000,Tabelle2[[#This Row],[Umsatzpotenzial]]<=50000), "OK","Fehler") -> OK
A11: L010 | B11: Google Ads | C11: Berlin | D11: 46244 | E11: Gewonnen | F11: 16995 | G11: IT | H11: 537 | I11: Ja | J11: David Braun | L11: =IF(OR(AND(Tabelle2[[#This Row],[Status]]="Gewonnen",Tabelle2[[#This Row],[Conversion]]="Ja"),AND(Tabelle2[[#This Row],[Status]]="Verloren",Tabelle2[[#This Row],[Conversion]]="Nein"),AND(Tabelle2[[#This Row],[Status]]="Offen",Tabelle2[[#This Row],[Conversion]]="Nein")),"OK", "Fehler") -> OK | M11: =IF(AND(Tabelle2[[#This Row],[Mitarbeiterzahl]]>=10,H11<=1000),"OK","Fehler") -> OK | N11: =IF(AND(Tabelle2[[#This Row],[Umsatzpotenzial]]>=1000,Tabelle2[[#This Row],[Umsatzpotenzial]]<=50000), "OK","Fehler") -> OK
A12: L011 | B12: Messe | C12: Aachen | D12: 46252 | E12: Offen | F12: 5671 | G12: Retail | H12: 626 | I12: Nein | J12: David Braun | L12: =IF(OR(AND(Tabelle2[[#This Row],[Status]]="Gewonnen",Tabelle2[[#This Row],[Conversion]]="Ja"),AND(Tabelle2[[#This Row],[Status]]="Verloren",Tabelle2[[#This Row],[Conversion]]="Nein"),AND(Tabelle2[[#This Row],[Status]]="Offen",Tabelle2[[#This Row],[Conversion]]="Nein")),"OK", "Fehler") -> OK | M12: =IF(AND(Tabelle2[[#This Row],[Mitarbeiterzahl]]>=10,H12<=1000),"OK","Fehler") -> OK | N12: =IF(AND(Tabelle2[[#This Row],[Umsatzpotenzial]]>=1000,Tabelle2[[#This Row],[Umsatzpotenzial]]<=50000), "OK","Fehler") -> OK
A13: L012 | B13: Google Ads | C13: München | D13: 46213 | E13: Offen | F13: 45602 | G13: Retail | H13: 976 | I13: Nein | J13: Jonas Weber | L13: =IF(OR(AND(Tabelle2[[#This Row],[Status]]="Gewonnen",Tabelle2[[#This Row],[Conversion]]="Ja"),AND(Tabelle2[[#This Row],[Status]]="Verloren",Tabelle2[[#This Row],[Conversion]]="Nein"),AND(Tabelle2[[#This Row],[Status]]="Offen",Tabelle2[[#This Row],[Conversion]]="Nein")),"OK", "Fehler") -> OK | M13: =IF(AND(Tabelle2[[#This Row],[Mitarbeiterzahl]]>=10,H13<=1000),"OK","Fehler") -> OK | N13: =IF(AND(Tabelle2[[#This Row],[Umsatzpotenzial]]>=1000,Tabelle2[[#This Row],[Umsatzpotenzial]]<=50000), "OK","Fehler") -> OK
... A201: L200 | B201: Google Ads | C201: Frankfurt | D201: 46139 | E201: Offen | F201: 1489 | G201: Manufacturing | H201: 832 | I201: Nein | J201: David Braun | L201: =IF(OR(AND(Tabelle2[[#This Row],[Status]]="Gewonnen",Tabelle2[[#This Row],[Conversion]]="Ja"),AND(Tabelle2[[#This Row],[Status]]="Verloren",Tabelle2[[#This Row],[Conversion]]="Nein"),AND(Tabelle2[[#This Row],[Status]]="Offen",Tabelle2[[#This Row],[Conversion]]="Nein")),"OK", "Fehler") -> OK | M201: =IF(AND(Tabelle2[[#This Row],[Mitarbeiterzahl]]>=10,H201<=1000),"OK","Fehler") -> OK | N201: =IF(AND(Tabelle2[[#This Row],[Umsatzpotenzial]]>=1000,Tabelle2[[#This Row],[Umsatzpotenzial]]<=50000), "OK","Fehler") -> OK

Sheet Analyse
A1: CRM Lead Analye
A3: Kennzahl | B3: Wert
A4: Anzahl Leads | B4: =COUNTA('Bereinigte Daten'!A2:A201) -> 200
A5: Conversion | B5: =COUNTIF('Bereinigte Daten'!I2:I201,"Ja") -> 79
A6: Conversion Rate | B6: =B5/B4 -> 0.395
A7: Gesamt-Umsatzpotenzial | B7: =SUM('Bereinigte Daten'!F2:F201) -> 5270862
A10: Lead_Quelle | B10: Anzahl Leads | C10: Conversions | D10: Conversion Rate
A11: Messe | B11: =COUNTIF('Bereinigte Daten'!B:B,A11) -> 35 | C11: =COUNTIFS('Bereinigte Daten'!B:B,A11, 'Bereinigte Daten'!I:I,"Ja") -> 10 | D11: =C11/B11 -> 0.28571429
A12: LinkedIn | B12: =COUNTIF('Bereinigte Daten'!B:B,A12) -> 41 | C12: =COUNTIFS('Bereinigte Daten'!B:B,A12, 'Bereinigte Daten'!I:I,"Ja") -> 14 | D12: =C12/B12 -> 0.34146341
A13: Google Ads | B13: =COUNTIF('Bereinigte Daten'!B:B,A13) -> 44 | C13: =COUNTIFS('Bereinigte Daten'!B:B,A13, 'Bereinigte Daten'!I:I,"Ja") -> 17 | D13: =C13/B13 -> 0.38636364
A14: Website | B14: =COUNTIF('Bereinigte Daten'!B:B,A14) -> 43 | C14: =COUNTIFS('Bereinigte Daten'!B:B,A14, 'Bereinigte Daten'!I:I,"Ja") -> 19 | D14: =C14/B14 -> 0.44186047
A15: Empfehlung | B15: =COUNTIF('Bereinigte Daten'!B:B,A15) -> 37 | C15: =COUNTIFS('Bereinigte Daten'!B:B,A15, 'Bereinigte Daten'!I:I,"Ja") -> 19 | D15: =C15/B15 -> 0.51351351
A18: Sales_Rep | B18: Anzahl Leads | C18: Conversions | D18: Conversion Rate
A19: Jonas Weber | B19: =COUNTIF('Bereinigte Daten'!J:J,A19) -> 41 | C19: =COUNTIFS('Bereinigte Daten'!J:J,A19,'Bereinigte Daten'!I:I,"Ja") -> 12 | D19: =C19/B19 -> 0.29268293
A20: Mia Hoffmann | B20: =COUNTIF('Bereinigte Daten'!J:J,A20) -> 55 | C20: =COUNTIFS('Bereinigte Daten'!J:J,A20,'Bereinigte Daten'!I:I,"Ja") -> 20 | D20: =C20/B20 -> 0.36363636
A21: David Braun | B21: =COUNTIF('Bereinigte Daten'!J:J,A21) -> 51 | C21: =COUNTIFS('Bereinigte Daten'!J:J,A21,'Bereinigte Daten'!I:I,"Ja") -> 23 | D21: =C21/B21 -> 0.45098039
A22: Anna Keller | B22: =COUNTIF('Bereinigte Daten'!J:J,A22) -> 53 | C22: =COUNTIFS('Bereinigte Daten'!J:J,A22,'Bereinigte Daten'!I:I,"Ja") -> 24 | D22: =C22/B22 -> 0.45283019
A25: Branche | B25: Anzahl Leads | C25: Conversions | D25: Conversion Rate
A26: Retail | B26: =COUNTIF('Bereinigte Daten'!G:G,A26) -> 37 | C26: =COUNTIFS('Bereinigte Daten'!G:G,A26,'Bereinigte Daten'!I:I,"Ja") -> 13 | D26: =C26/B26 -> 0.35135135
A27: Manufacturing | B27: =COUNTIF('Bereinigte Daten'!G:G,A27) -> 45 | C27: =COUNTIFS('Bereinigte Daten'!G:G,A27,'Bereinigte Daten'!I:I,"Ja") -> 16 | D27: =C27/B27 -> 0.35555556
A28: Finance | B28: =COUNTIF('Bereinigte Daten'!G:G,A28) -> 42 | C28: =COUNTIFS('Bereinigte Daten'!G:G,A28,'Bereinigte Daten'!I:I,"Ja") -> 15 | D28: =C28/B28 -> 0.35714286
A29: Consulting | B29: =COUNTIF('Bereinigte Daten'!G:G,A29) -> 30 | C29: =COUNTIFS('Bereinigte Daten'!G:G,A29,'Bereinigte Daten'!I:I,"Ja") -> 11 | D29: =C29/B29 -> 0.36666667
A30: IT | B30: =COUNTIF('Bereinigte Daten'!G:G,A30) -> 46 | C30: =COUNTIFS('Bereinigte Daten'!G:G,A30,'Bereinigte Daten'!I:I,"Ja") -> 24 | D30: =C30/B30 -> 0.52173913

Sheet Dashboard
